Status,Solve,Objval
LOCALLY_SOLVED,671.3328289985657,4.3117826950970914e-9
