Costs,Total,Zone1,Zone2,Zone3,Zone4
cTotal,0.0028477822616173984,9.032314760839625e7,1.1586674591145074e8,1.6678859444103903e8,5.085148551785425e7
cFix,4.213661164141185e8,8.989502855224112e7,1.1425965265411806e8,1.6650585294244924e8,5.070558226531022e7
cVar,31.660306885035943,11.929998464814108,11.742086141781101,3.8850633933135486,4.103158885130899
cNSE,2.46375739130602e6,428073.1219905176,1.6070475064039803e6,282737.61352638603,145899.1493851309
cStart,68.01300873939891,34.00416613664092,34.008842577652594,1.3277089301125774e-8,1.1838160311731899e-8
cUnmetRsv,0.0,-,-,-,-
cNetworkExp,0.0,-,-,-,-
