Status,Solve,Objval
LOCALLY_SOLVED,612.2004880905151,2.8477822616173982e-9
