Status,Solve,Objval
LOCALLY_SOLVED,635.4254541397095,1.0131707105280672
