Costs,Total,Zone1,Zone2,Zone3,Zone4
cTotal,3.8529997588971156e8,7.422643227225286e7,1.2000863291000274e8,1.6688351324022081e8,2.418139746723901e7
cFix,3.850978627273531e8,7.422279075806932e7,1.1994697465852024e8,1.667610445350155e8,2.4167052775748003e7
cVar,189315.19060338216,3220.095794699776,58284.42052337138,114589.78679848187,13220.887486782503
cNSE,1026.7368774769384,124.74317475785794,778.4230691950356,74.18413967881514,49.38649384521818
cStart,11771.234881485094,296.6752140681632,2595.4078899245696,7804.734267112589,1074.417510380764
cUnmetRsv,0.0,-,-,-,-
cNetworkExp,0.0,-,-,-,-
