Status,Solve,Objval
OPTIMAL,714.486172914505,385.29997588971156
