Status,Solve,Objval
LOCALLY_SOLVED,586.8238780498505,463.5160922166991
