Costs,Total,Zone1,Zone2,Zone3,Zone4
cTotal,4.635160922166991e8,8.391650641368555e7,1.5223534381025535e8,1.8965460033826098e8,3.655351388169849e7
cFix,4.621578779639215e8,8.391320238107497e7,1.5217263528402713e8,1.895321298615076e8,3.6539910437311664e7
cVar,189598.19501807058,2955.023171906294,59437.10841403625,114597.18846193053,12608.874970232995
cNSE,997.9907853460576,115.98759330166727,767.1938064735692,68.72014539834552,46.08924017248017
cStart,11490.29417554868,233.021845360166,2504.2240076979524,7804.568146077206,948.4801764143069
cUnmetRsv,0.0,-,-,-,-
cNetworkExp,0.0,-,-,-,-
